,Loss_G,Loss_D,Loss_D_0
0,0.02371907,6.9634247,0.0008906624
1,-0.15305866,5.2869453,-0.010114827
2,-0.4786522,3.869499,-0.086869955
3,-0.91963786,2.5453267,-0.23207636
4,-1.3715671,1.7480432,-0.4807748
5,-1.7556051,1.2558973,-0.8990037
6,-2.013046,0.84500545,-1.3991936
7,-2.181943,0.3000104,-2.0320609
8,-2.274995,-0.33225152,-2.694439
9,-2.4061327,-0.85790634,-3.3323002
10,-2.3987353,-1.3596843,-3.8324478
11,-2.237276,-1.6606431,-4.003613
12,-1.9053744,-2.0085738,-4.044248
13,-1.4343518,-2.3429565,-3.9108686
14,-0.951448,-2.5299585,-3.6509972
15,-0.5209976,-2.6204584,-3.36796
16,-0.25132254,-2.645797,-3.1205997
17,-0.23058467,-2.4845161,-2.9788253
18,-0.16010343,-2.521936,-2.92582
19,-0.3481554,-2.374232,-2.9305155
20,-0.5064137,-2.1833315,-2.9158375
21,-0.657938,-2.1044943,-2.9669755
22,-0.8602168,-1.9448156,-2.9995499
23,-0.9547348,-1.9546608,-3.0833118
24,-1.2079158,-1.803497,-3.1632445
25,-1.354309,-1.8087584,-3.2974675
26,-1.5685331,-1.6855707,-3.4058867
27,-1.7953373,-1.6056567,-3.5463483
28,-1.8738974,-1.6072297,-3.6276934
29,-1.9042435,-1.6481978,-3.6915483
30,-1.9559759,-1.5408036,-3.6422513
31,-2.085621,-1.526074,-3.735444
32,-2.0513499,-1.440941,-3.6374748
33,-2.1579726,-1.3493663,-3.6543958
34,-2.1653812,-1.4258353,-3.7189782
35,-2.385577,-1.3814659,-3.9087226
36,-2.4190743,-1.3200465,-3.855336
37,-2.5165992,-1.3023535,-3.9218328
38,-2.604543,-1.3479924,-4.08123
39,-2.810045,-1.1331366,-4.073767
40,-2.9079025,-1.2014635,-4.237808
41,-2.9707632,-1.1438559,-4.2315793
42,-3.1099637,-1.1110104,-4.317265
43,-3.1199386,-1.2276057,-4.4392715
44,-3.2779732,-1.0701603,-4.4567966
45,-3.3259947,-0.9794994,-4.419165
46,-3.5805218,-0.8620803,-4.559497
47,-3.642389,-0.9608448,-4.700689
48,-3.6317394,-0.9366916,-4.67623
49,-3.826032,-0.93345803,-4.8585773
50,-3.801854,-0.89410156,-4.8010197
51,-3.9279392,-0.7688267,-4.8041105
52,-3.8597362,-0.91739273,-4.866569
53,-3.9355671,-0.80882055,-4.8374453
54,-4.2786036,-0.7171614,-5.1049695
55,-4.3426886,-0.68174475,-5.1217427
56,-4.208367,-0.7520399,-5.050648
57,-4.2414093,-0.5721021,-4.9008365
58,-4.2855477,-0.7018881,-5.08172
59,-4.369991,-0.57086533,-5.03685
60,-4.421687,-0.5170174,-5.031037
61,-4.4535685,-0.502517,-5.0610795
62,-4.3922915,-0.43923664,-4.9253335
63,-4.468717,-0.46738884,-5.0203686
64,-4.362497,-0.45181167,-4.9167714
65,-4.1502347,-0.41121507,-4.663219
66,-4.2474704,-0.35076985,-4.6859164
67,-4.29946,-0.44098926,-4.827513
68,-4.2490525,-0.38816786,-4.720615
69,-4.1194787,-0.38677815,-4.5957246
70,-4.0330215,-0.3783493,-4.5107827
71,-4.0893126,-0.21528226,-4.4047446
72,-4.2113967,-0.21897028,-4.526507
73,-4.0303736,-0.2901757,-4.4197364
74,-4.070908,-0.12232226,-4.2874217
75,-3.9659913,-0.27233693,-4.3443403
76,-3.90458,-0.24076654,-4.2622256
77,-4.0727572,-0.15431225,-4.3193245
78,-3.9683678,-0.12175856,-4.2013083
79,-3.8862286,-0.1726532,-4.176359
80,-4.0797157,-0.06391506,-4.2307143
81,-4.038168,-0.07618589,-4.235104
82,-4.060238,-0.089703046,-4.2556977
83,-4.260115,-0.15077384,-4.511311
84,-4.3165855,0.0014570603,-4.415292
85,-4.2459664,-0.039220452,-4.401857
86,-4.002851,-0.003071549,-4.1256824
87,-3.9767067,-0.091572665,-4.192759
88,-4.0158,-0.1640311,-4.306395
89,-4.2010627,0.041198563,-4.265001
90,-4.3861265,0.09695388,-4.4129
91,-4.412947,0.11133055,-4.4175105
92,-4.4343567,0.071735896,-4.478865
93,-4.389175,0.18254222,-4.313542
94,-4.0159583,0.19495459,-3.93621
95,-3.478712,0.17568862,-3.4266093
96,-3.9588172,0.16928746,-3.922923
97,-4.3089056,0.17386587,-4.2363048
98,-4.166305,0.25566834,-4.041545
99,-4.019345,0.14873426,-4.019236
100,-4.1563735,0.2733535,-4.0278087
101,-4.163394,0.18949153,-4.111528
102,-4.5624003,0.247052,-4.453653
103,-4.242422,0.18504286,-4.2036476
104,-4.103184,0.20816796,-4.059132
105,-2.7019596,0.22144286,-2.6622818
106,-2.0542526,0.1439594,-2.0938127
107,-2.7923355,0.01820905,-2.978795
108,-3.2015533,0.09201152,-3.2865007
109,-2.6057928,0.088457845,-2.7253263
110,-2.1316595,0.08920736,-2.2425528
111,-1.7362895,-0.12056118,-2.091769
112,-2.3928044,-0.06560586,-2.6439133
113,-3.4365902,-0.20740668,-3.9261081
114,-3.4575093,-0.38746473,-4.042604
115,-2.5879443,-0.16977721,-2.9589663
116,-2.1240628,-0.3292574,-2.6152477
117,-1.4911987,-0.4350921,-2.129227
118,-0.6685254,-0.57965195,-1.5032457
119,-0.14348078,-0.69164544,-1.0506803
120,0.25335985,-0.9109536,-0.845834
121,0.30743673,-0.683639,-0.56788856
122,0.5660782,-0.5436323,-0.14929684
123,0.5757655,-0.80050606,-0.42106882
124,0.40147853,-0.7920943,-0.54985636
125,0.370941,-0.9890303,-0.81250185
126,-0.19804788,-0.82667565,-1.2180105
127,0.032318104,-0.7692389,-0.916486
128,0.44523016,-0.7154939,-0.46081653
129,1.0672096,-0.72952,0.15105574
130,1.0237491,-0.79384285,0.020367796
131,0.7087305,-0.59721535,-0.058268532
132,1.0810066,-0.79572755,0.12190509
133,0.8759027,-0.78456944,-0.054557145
134,0.3436122,-0.83757,-0.6879239
135,0.43546745,-0.85841155,-0.64133126
136,0.64780366,-0.81408113,-0.32289627
137,0.6287291,-0.6616652,-0.22128695
138,0.5106724,-0.70941323,-0.37348366
139,1.0839536,-0.53525585,0.37115464
140,1.2002547,-0.6806751,0.3387394
141,0.6263758,-0.84237194,-0.35581765
142,-0.2139554,-0.6985107,-1.084946
143,-0.25426066,-0.5182571,-0.9504922
144,0.029179698,-0.5608007,-0.7192087
145,-0.21751165,-0.46255755,-0.8790415
146,0.10885032,-0.5006066,-0.5863264
147,-0.26724654,-0.5829876,-1.04974
148,-1.1059599,-0.49312535,-1.7574657
149,-1.4004393,-0.4741439,-2.058811
150,-1.4253825,-0.5606814,-2.1547983
151,-1.9417022,-0.40617728,-2.5445015
152,-1.9318389,-0.5975621,-2.7220256
153,-1.7015414,-0.4863356,-2.3907914
154,-1.6177635,-0.76774436,-2.5867147
155,-2.0809438,-0.6007386,-2.8762786
156,-2.408023,-0.69662744,-3.28854
157,-3.1280534,-0.44260654,-3.7413733
158,-2.811576,-0.46403578,-3.4909523
159,-3.4365578,-0.62520754,-4.2404547
160,-3.800306,-0.42378387,-4.46588
161,-3.337036,-0.56526184,-4.0872498
162,-3.3735812,-0.5302055,-4.110826
163,-3.5508137,-0.6591678,-4.434058
164,-3.8423703,-0.59135586,-4.644652
165,-4.1825747,-0.72058177,-5.1105323
166,-4.1301227,-0.4084784,-4.7507854
167,-4.104721,-0.64418167,-4.9383225
168,-4.5000877,-0.60653263,-5.3067074
169,-4.388727,-0.45925036,-5.0301375
170,-4.578277,-0.6992751,-5.4712887
171,-4.30117,-0.5177261,-5.0694957
172,-4.3313317,-0.5976141,-5.130812
173,-4.494236,-0.6055993,-5.308019
174,-4.7676654,-0.5763075,-5.538553
175,-4.4676642,-0.5976121,-5.2784233
176,-4.423185,-0.7560368,-5.3986125
177,-4.876603,-0.49372795,-5.5825596
178,-4.400203,-0.6334184,-5.2506576
179,-4.013455,-0.74311763,-4.9996753
180,-4.940167,-0.49075773,-5.6475616
181,-3.85824,-0.7713885,-4.828164
182,-3.7388866,-0.7231629,-4.695778
183,-4.405377,-0.57322454,-5.2565455
184,-4.390391,-0.43329573,-5.0209513
185,-4.0323915,-0.711169,-4.9397836
186,-4.140978,-0.6595052,-5.0662036
187,-4.189667,-0.73315126,-5.170098
188,-4.248491,-0.55064195,-5.048592
189,-3.8255177,-0.5751267,-4.643348
190,-3.6233501,-0.5486309,-4.403676
191,-3.4316475,-0.7324634,-4.4594374
192,-3.878567,-0.67263335,-4.775416
193,-3.4279165,-0.67662144,-4.293524
194,-3.6676319,-0.571643,-4.500218
195,-3.767789,-0.58214504,-4.6223207
196,-3.8644702,-0.6915605,-4.7862797
197,-3.8464892,-0.6375128,-4.734269
198,-3.622296,-0.7792356,-4.5913444
199,-3.1344013,-0.52727395,-3.9060905
200,-3.50173,-0.7578773,-4.462551
201,-3.5999691,-0.6491217,-4.443334
202,-3.134654,-0.6313756,-3.9939213
203,-3.465765,-0.68560433,-4.364074
204,-3.2267544,-0.8105354,-4.251419
205,-3.6127727,-0.753926,-4.5890822
206,-3.9185734,-0.74701864,-4.8954873
207,-3.6777394,-0.6356197,-4.570418
208,-4.0135293,-0.73816705,-4.9745426
209,-3.9936485,-0.71101445,-4.931819
210,-4.0899043,-0.44481608,-4.7535367
211,-3.9135215,-0.64908594,-4.7844863
212,-4.2641897,-0.6708453,-5.149902
213,-3.5101767,-0.77310306,-4.498835
214,-4.111861,-0.6061987,-4.9488983
215,-4.0031953,-0.76218706,-5.048116
216,-3.899247,-0.92249227,-5.039118
217,-4.2762117,-0.8756502,-5.3900337
218,-4.241186,-0.7481575,-5.232844
219,-4.3393493,-0.5515869,-5.0856442
220,-3.8855696,-0.7603717,-4.8637795
221,-4.0817475,-0.6383667,-4.9215527
222,-4.208931,-0.6769157,-5.0822625
223,-4.0926967,-0.6401388,-4.925367
224,-3.8244016,-0.8322277,-4.887614
225,-4.455993,-0.64628917,-5.307813
226,-4.0896626,-0.71697444,-5.02947
227,-3.5745995,-0.60675186,-4.390509
228,-4.051539,-0.835391,-5.0963693
229,-3.6023438,-0.78571016,-4.6080065
230,-3.8666413,-0.8484958,-4.9450583
231,-4.057939,-0.6426982,-4.90694
232,-4.6092076,-0.5986908,-5.454838
233,-4.184309,-0.7203292,-5.151899
234,-4.191914,-0.9203832,-5.349905
235,-4.5568724,-0.57422286,-5.4102397
236,-3.9051483,-0.8123493,-4.9118824
237,-4.538,-0.7986421,-5.5561547
238,-4.6812053,-0.65794086,-5.580248
239,-4.0486355,-0.6636254,-4.9449825
240,-4.4245906,-0.65183777,-5.37133
241,-4.506498,-0.6579917,-5.3561797
242,-4.146299,-0.86210537,-5.2319107
243,-4.424317,-0.8261511,-5.460346
244,-4.118728,-0.64670414,-4.9945016
245,-4.3871384,-0.7225897,-5.338627
246,-4.156436,-0.6479587,-5.0667024
247,-3.824771,-0.68037194,-4.728648
248,-4.658743,-0.78421146,-5.6626067
249,-4.524715,-0.65134424,-5.386823
250,-4.193987,-0.7636366,-5.1800995
251,-4.326465,-0.72371644,-5.2612276
252,-4.214289,-1.0352334,-5.474972
253,-3.9318116,-1.0947844,-5.224281
254,-4.2607074,-0.69660187,-5.169747
255,-4.269535,-0.8146596,-5.306928
256,-3.927344,-0.64042115,-4.778029
257,-4.187674,-0.71773267,-5.134972
258,-3.7526257,-0.68859005,-4.6860385
259,-3.6563365,-0.90169126,-4.775347
260,-4.255169,-0.81053585,-5.2596774
261,-3.8323371,-0.89584464,-4.976867
262,-3.5979125,-1.0047927,-4.7888513
263,-3.8102171,-0.83213824,-4.911705
264,-3.7527106,-0.619726,-4.598493
265,-4.089479,-0.8912832,-5.2189374
266,-4.0504775,-1.0031478,-5.2726936
267,-3.930094,-0.7943387,-4.9532332
268,-4.16375,-0.68881536,-5.073487
269,-3.9081593,-0.8996876,-5.018557
270,-4.084942,-0.93177414,-5.231198
271,-3.88651,-0.9685719,-5.0532975
272,-4.565067,-0.5839916,-5.3152795
273,-3.8080301,-0.7473864,-4.8056693
274,-3.8658097,-0.9474413,-5.0426083
275,-4.2357945,-0.66937155,-5.1583323
276,-3.785969,-1.1043689,-5.1063066
277,-4.2193203,-0.67050815,-5.109223
278,-3.677799,-0.9306534,-4.831902
279,-3.9917917,-0.78224176,-5.03397
280,-4.080623,-0.81787163,-5.1111617
281,-4.334266,-0.97526884,-5.524363
282,-3.9731581,-0.87885827,-5.043031
283,-4.3690305,-0.62681645,-5.205048
284,-4.471896,-0.7518099,-5.460585
285,-4.029934,-0.8845034,-5.126741
286,-3.951621,-0.975825,-5.1482944
287,-3.7676048,-0.84940904,-4.8811913
288,-3.9637854,-0.67963344,-4.866757
289,-3.7195632,-0.8685725,-4.809831
290,-3.7571316,-0.9646655,-4.938248
291,-3.3496244,-1.0480212,-4.6037755
292,-3.899438,-0.90146536,-5.024913
293,-3.7810724,-0.82699746,-4.8110642
294,-3.6628876,-1.0821,-5.0050387
295,-3.698268,-0.8712456,-4.7586517
296,-4.0795126,-0.6742602,-4.965841
297,-3.680467,-0.72547156,-4.6290107
298,-3.5925095,-1.010166,-4.807183
299,-4.01504,-1.1234921,-5.332274
300,-3.4722786,-0.8229439,-4.5653944
301,-3.5597382,-1.1629463,-4.9445014
302,-4.0327663,-0.7534811,-5.0369215
303,-3.38803,-0.9240238,-4.5305314
304,-4.116505,-1.0860838,-5.378847
305,-4.0334105,-0.94001216,-5.195012
306,-3.6018398,-1.050181,-4.8749633
307,-3.602596,-1.0393372,-4.8587337
308,-3.7853315,-0.870532,-4.851166
309,-3.762389,-0.8940937,-4.890903
310,-3.7574937,-0.6726393,-4.652063
311,-3.9794633,-0.7827716,-4.961846
312,-3.7323,-0.8957208,-4.849236
313,-3.6569755,-0.9336012,-4.812098
314,-3.490162,-0.9993014,-4.7230105
315,-3.927786,-0.71691066,-4.8520427
316,-3.3783133,-0.98765045,-4.6499753
317,-3.8910122,-1.0449079,-5.1434603
318,-3.97984,-0.93170696,-5.11943
319,-3.959632,-0.8312308,-5.0057883
320,-3.5443897,-0.91268206,-4.7155204
321,-4.0364857,-0.9327019,-5.205956
322,-3.7214592,-0.90450484,-4.829008
323,-3.4759054,-1.0099814,-4.74819
324,-3.6924508,-0.79532385,-4.735802
325,-3.446124,-0.8657012,-4.553248
326,-3.9744473,-0.98267055,-5.1606297
327,-3.6998131,-0.97683835,-4.9248757
328,-3.6634998,-1.0670832,-4.9521294
329,-3.551966,-0.7907621,-4.6140423
330,-3.7788556,-0.7133797,-4.759121
331,-3.7164938,-0.9478634,-4.881013
332,-3.579972,-0.8250113,-4.656815
333,-3.5962632,-0.74202424,-4.565124
334,-3.6074002,-0.89376813,-4.697455
335,-3.8175783,-0.8473255,-4.8758106
336,-3.6652853,-0.8768825,-4.755152
337,-4.0569286,-0.94849277,-5.23216
338,-3.4146926,-1.1353382,-4.7782845
339,-3.7694442,-0.7899754,-4.7783847
340,-3.8649387,-0.9861837,-5.052351
341,-3.845808,-0.85571474,-4.929807
342,-3.6652415,-0.9001538,-4.7666526
343,-3.7211955,-0.7291784,-4.643216
344,-3.5303185,-1.1144973,-4.845611
345,-3.9053185,-1.1235142,-5.236025
346,-3.9054515,-0.998908,-5.126944
347,-3.8442714,-0.97808176,-5.028923
348,-3.6470375,-1.0366937,-4.876397
349,-3.8252106,-0.79668325,-4.8517942
350,-3.6913338,-0.97736126,-4.86351
351,-3.5670538,-1.0502601,-4.849796
352,-3.8194897,-1.0027043,-5.0531864
353,-3.7245204,-0.77952236,-4.7014394
354,-3.5792305,-0.9125154,-4.678246
355,-3.4617462,-0.8592921,-4.533297
356,-3.3696537,-0.9928155,-4.607433
357,-3.5134857,-0.9032051,-4.604199
358,-3.4846795,-0.9008231,-4.591909
359,-3.3818054,-0.9135689,-4.535006
360,-3.5018072,-0.84791285,-4.5397563
361,-3.1386392,-0.9580043,-4.3275323
362,-3.777645,-0.79580283,-4.7797685
363,-3.7098958,-0.9478512,-4.902666
364,-3.7370813,-1.0958542,-5.0462213
365,-3.9558926,-0.48170474,-4.672975
366,-3.7639558,-0.8363337,-4.8078756
367,-3.289114,-0.9429455,-4.446031
368,-3.523322,-0.9362909,-4.6835275
369,-3.5465882,-0.87596637,-4.633426
370,-3.4404097,-0.77141213,-4.4187913
371,-3.3675964,-0.7846368,-4.409426
372,-3.0268762,-1.1151714,-4.341315
373,-3.6470325,-0.82421845,-4.6783156
374,-3.44635,-1.2657973,-4.9054794
375,-3.4586916,-0.96546197,-4.6194386
376,-3.5087063,-1.0233661,-4.7426534
377,-3.194009,-1.0670807,-4.454495
378,-3.4325516,-0.95508987,-4.5866246
379,-3.704153,-1.0233725,-4.9286857
380,-3.577548,-1.0566007,-4.865153
381,-3.5471008,-1.2067281,-4.975429
382,-3.7976694,-0.9923025,-4.9964542
383,-3.406479,-1.0214258,-4.644881
384,-3.607851,-0.9411843,-4.806181
385,-3.3383274,-1.044692,-4.623976
386,-3.4129546,-0.98194885,-4.5805316
387,-3.6323316,-0.9839678,-4.8654137
388,-3.655062,-1.0275632,-4.909261
389,-3.4734085,-1.040034,-4.754825
390,-3.5179317,-0.7498917,-4.5231695
391,-3.1056795,-0.98038167,-4.324554
392,-3.5326042,-0.90687895,-4.699913
393,-3.3323803,-0.77805156,-4.352252
394,-3.4144561,-1.096578,-4.725565
395,-3.0464609,-0.76827675,-4.0680556
396,-3.507189,-0.99499583,-4.6782002
397,-3.4376523,-1.0373269,-4.695606
398,-3.4472616,-1.1439633,-4.8358035
399,-3.4214878,-0.9846718,-4.629397
400,-3.5319204,-0.8453911,-4.6143723
401,-3.2439177,-0.98678726,-4.479173
402,-3.1459005,-0.8726513,-4.2512126
403,-3.0586147,-1.1356663,-4.38368
404,-3.3695498,-0.79021263,-4.383022
405,-3.402897,-1.0198407,-4.6637096
406,-3.1264193,-1.2069823,-4.5585213
407,-3.636999,-0.9868663,-4.8340716
408,-3.4379833,-1.0419074,-4.7393117
409,-3.476676,-1.0239111,-4.7271376
410,-3.2071898,-0.97531414,-4.42421
411,-3.3420918,-1.0610007,-4.6763167
412,-2.9389668,-1.0694054,-4.287006
413,-3.1252003,-0.84679276,-4.2120357
414,-2.9641926,-0.99955803,-4.177127
415,-2.8338356,-0.9635009,-4.0297065
416,-3.3481197,-0.9771998,-4.527433
417,-3.0860348,-0.5954477,-3.8912146
418,-3.1490963,-0.910971,-4.2542567
419,-2.901542,-1.164173,-4.2753563
420,-3.2493858,-0.9810831,-4.440671
421,-3.330701,-0.7822464,-4.345116
422,-3.2800696,-0.99571913,-4.516247
423,-3.349384,-0.97059965,-4.5671043
424,-2.9292023,-0.756967,-3.9031925
425,-2.788667,-0.89499635,-3.8654134
426,-2.866871,-1.0033731,-4.111427
427,-3.123806,-1.0824556,-4.4177117
428,-3.3287508,-0.7073731,-4.2794194
429,-3.175771,-1.1050456,-4.458447
430,-3.3259776,-0.92773837,-4.4844337
431,-3.2925541,-1.2738255,-4.750541
432,-3.0999854,-0.90503985,-4.1753435
433,-3.0176802,-1.0446335,-4.2810903
434,-3.1821487,-0.9513457,-4.3643813
435,-3.1986997,-0.9781495,-4.3966584
436,-3.4393857,-0.9400565,-4.5995574
437,-3.4176884,-0.811266,-4.4685664
438,-3.4770458,-0.7934274,-4.524417
439,-3.4089272,-0.98908395,-4.638205
440,-3.3324804,-1.218007,-4.7787986
441,-3.5634441,-0.8036886,-4.5737934
442,-2.9275143,-1.1448807,-4.2841487
443,-3.0983095,-1.0143875,-4.325007
444,-3.0609796,-1.067809,-4.3184495
445,-3.2782965,-0.8467892,-4.3399606
446,-3.0899334,-1.0171396,-4.3379884
447,-3.1978567,-0.7651413,-4.181746
448,-2.9501095,-1.0977675,-4.2463746
449,-3.3088539,-0.9458566,-4.484976
450,-3.2825432,-1.0548877,-4.5578017
451,-2.8816576,-1.0443826,-4.149615
452,-2.8260877,-1.1615275,-4.195104
453,-3.279906,-1.0504557,-4.548963
454,-3.2246778,-0.93423814,-4.371123
455,-2.810445,-0.9776762,-4.0103154
456,-2.988733,-0.91846484,-4.122209
457,-2.6805296,-1.0525986,-3.9630213
458,-3.3744507,-0.75518876,-4.3504777
459,-2.8167536,-1.2310797,-4.215983
460,-3.1842306,-0.947854,-4.3661666
461,-3.1032326,-1.1384782,-4.4593577
462,-3.163004,-1.2345395,-4.6229386
463,-2.8153727,-1.0721887,-4.0960193
464,-2.7450333,-0.8848581,-3.8610733
465,-2.6389678,-1.0275578,-3.8833244
466,-3.0382316,-0.9346104,-4.2311063
467,-2.7535248,-1.3054227,-4.2603793
468,-2.7438858,-1.1099743,-4.0971904
469,-2.875274,-1.1596926,-4.260841
470,-3.1201575,-0.8810348,-4.2410393
471,-2.673888,-1.1114315,-4.0201716
472,-3.0215032,-0.96190387,-4.2353206
473,-3.0985413,-0.92965126,-4.238911
474,-2.67287,-0.98628587,-3.8991241
475,-2.8405247,-0.86130977,-3.9140272
476,-3.140878,-1.1340334,-4.5311894
477,-2.796405,-0.98056394,-4.0211444
478,-2.7639325,-0.91568303,-3.886884
479,-3.3607209,-0.93841624,-4.4878078
480,-3.0564482,-1.1657978,-4.4542203
481,-2.8809574,-0.80707073,-3.979412
482,-2.9542723,-0.9977386,-4.1442895
483,-2.9436872,-1.1455798,-4.320558
484,-2.7077858,-1.0317062,-3.961482
485,-3.0262969,-1.0673827,-4.311365
486,-3.420203,-0.75857216,-4.4240475
487,-2.972976,-0.9413418,-4.1432767
488,-2.869403,-0.91297317,-3.9998903
489,-2.824955,-1.1217598,-4.1487074
490,-2.843623,-0.9237211,-3.9766862
491,-2.6784964,-0.9691966,-3.914704
492,-3.075282,-0.86834735,-4.155981
493,-2.9979992,-1.2354759,-4.426204
494,-2.6504724,-1.0107375,-3.89042
495,-2.9550047,-0.9972474,-4.1364083
496,-2.555797,-1.0221676,-3.7971032
497,-2.8878553,-1.0034895,-4.119789
498,-2.5390058,-0.93802124,-3.7356966
499,-2.6824071,-1.1623762,-4.085661
500,-2.7437494,-1.0713001,-4.02194
501,-2.6973562,-0.9076314,-3.8314838
502,-3.0438597,-0.9998651,-4.2870603
503,-3.1347034,-1.0965954,-4.4398866
504,-3.005416,-1.0067197,-4.2321377
505,-2.8105621,-0.7996556,-3.8683693
506,-2.8198433,-0.8594124,-3.9197674
507,-2.795724,-1.1092823,-4.0940814
508,-2.749925,-1.0861064,-4.0642557
509,-2.6792762,-0.9358446,-3.8394823
510,-2.947031,-1.0213274,-4.2193646
511,-3.0648499,-0.95745426,-4.2240877
512,-2.7199295,-1.0359358,-3.9890945
513,-2.670264,-0.9750695,-3.8330147
514,-2.5213883,-0.92069703,-3.704799
515,-2.7009008,-0.9056379,-3.8314812
516,-2.5295188,-0.97129375,-3.7240822
517,-2.7870839,-1.1440887,-4.1429634
518,-2.748348,-0.87259597,-3.8402612
519,-2.7992027,-0.9386337,-3.9795265
520,-2.5985858,-0.9832139,-3.8035953
521,-2.9937098,-0.9376419,-4.1643896
522,-2.875123,-0.89289564,-4.0402017
523,-2.6779835,-0.9890688,-3.8726025
524,-2.936186,-0.8741789,-4.0259814
525,-3.0716298,-1.1317295,-4.458176
526,-2.9193285,-0.93435687,-4.0515327
527,-2.6404421,-1.2101064,-4.091546
528,-2.5483477,-1.0282911,-3.8096669
529,-2.8051646,-1.0066441,-4.016489
530,-2.6028597,-1.0089194,-3.85197
531,-2.7067719,-1.0380826,-3.961296
532,-2.6032336,-1.110785,-3.9783583
533,-2.8310258,-1.03937,-4.1266427
534,-2.673928,-1.0049852,-3.9227865
535,-2.4422739,-0.96618557,-3.6350238
536,-2.3007858,-1.1217295,-3.6467102
537,-2.6006916,-0.86587936,-3.6983042
538,-2.4857216,-1.135172,-3.8198633
539,-2.8758442,-0.9441101,-4.0278497
540,-2.595391,-0.9308069,-3.7503452
541,-2.9663105,-0.99085283,-4.2114453
542,-2.8719785,-0.8737025,-3.9991827
543,-2.6406934,-0.9528317,-3.8481064
544,-2.4989507,-1.0795294,-3.7956877
545,-2.1783085,-0.9938097,-3.4056902
546,-3.0835512,-1.0652896,-4.350096
547,-2.843523,-0.61156803,-3.7239008
548,-2.3196883,-1.1175327,-3.6410694
549,-2.7573116,-1.1234406,-4.1204796
550,-2.8693676,-0.98962975,-4.088386
551,-2.4057076,-1.1536165,-3.7767258
552,-2.86465,-0.9329422,-4.0539966
553,-2.5290372,-1.1447988,-3.9131014
554,-2.4791782,-0.8105754,-3.5538864
555,-2.7661927,-1.1130333,-4.1148276
556,-2.544319,-1.1850044,-3.931983
557,-2.6058114,-0.96359617,-3.8195064
558,-2.5003955,-1.0888039,-3.8266432
559,-2.80229,-1.1763433,-4.1891007
560,-2.5722008,-1.0222473,-3.8326442
561,-2.4451218,-1.057444,-3.7002733
562,-2.3414273,-1.250381,-3.7962086
563,-2.834185,-1.0360895,-4.117471
564,-2.6491096,-1.0631466,-3.9416513
565,-2.6762097,-1.1086398,-4.0122156
566,-2.5301316,-1.1477679,-3.877428
567,-2.4744565,-0.9536209,-3.6813133
568,-2.763403,-0.86499125,-3.8769283
569,-2.826294,-1.195829,-4.258716
570,-2.603076,-1.1029049,-3.9899848
571,-2.737916,-0.9014948,-3.8814592
572,-2.534072,-1.0251559,-3.7749698
573,-2.8267982,-1.0031757,-4.0572295
574,-2.7079914,-1.2075602,-4.176864
575,-2.609813,-1.0255198,-3.8747482
576,-2.932037,-0.8827241,-4.0550885
577,-2.696287,-0.9886856,-3.8842132
578,-2.5131438,-1.1240128,-3.8806255
579,-2.612429,-1.1703132,-3.9954205
580,-2.4625785,-1.2047278,-3.8829117
581,-2.389735,-1.0690471,-3.7271967
582,-2.4137297,-1.0646003,-3.7109091
583,-2.3207767,-1.2288674,-3.770343
584,-2.0920215,-1.1330926,-3.4428313
585,-2.4773448,-0.99482584,-3.6933014
586,-2.143398,-1.2600445,-3.6438186
587,-2.508774,-1.0406077,-3.8036654
588,-2.683553,-0.97741526,-3.8934193
589,-2.2955096,-0.9369128,-3.465315
590,-2.100622,-1.0887725,-3.4326878
591,-2.6353824,-1.0167936,-3.8794177
592,-2.8301735,-1.138044,-4.1852846
593,-2.285642,-1.225798,-3.7573519
594,-2.8535135,-0.94412476,-4.0192404
595,-2.4323366,-0.8775294,-3.5504096
596,-2.416724,-0.88406706,-3.5685596
597,-2.2463427,-1.2414311,-3.696801
598,-2.5360456,-0.894768,-3.6887076
599,-2.4934356,-0.9983552,-3.7005532
600,-2.6392689,-0.97426575,-3.8096695
601,-2.5808983,-1.1051636,-3.8949785
602,-2.9887722,-0.8969743,-4.069162
603,-2.1856723,-1.0286852,-3.4896622
604,-2.1907291,-1.1734389,-3.5859535
605,-2.679919,-1.0571455,-3.9722083
606,-2.5881739,-0.9783397,-3.8086596
607,-2.158061,-1.0592637,-3.479489
608,-2.26278,-1.0786401,-3.575162
609,-2.3349812,-1.0467477,-3.602111
610,-2.8488133,-1.092131,-4.1997256
611,-2.5923386,-1.020635,-3.8736112
612,-2.0727024,-1.0058599,-3.3452396
613,-2.5734737,-0.9478685,-3.7787316
614,-3.028464,-0.98860186,-4.199926
615,-2.8855627,-1.0982561,-4.246575
616,-2.1987555,-1.0765867,-3.4982576
617,-2.352461,-1.1579512,-3.750994
618,-2.6000154,-0.9641809,-3.80178
619,-2.8969667,-0.8452913,-3.9578855
620,-2.4303944,-1.0041962,-3.716239
621,-2.399787,-1.073015,-3.6956255
622,-2.5805016,-0.8764987,-3.7299976
623,-2.9256666,-0.85212916,-4.0277724
624,-2.7444372,-1.1551005,-4.0950856
625,-2.6192472,-0.9314556,-3.7942493
626,-2.6760585,-1.1076802,-4.001788
627,-2.629604,-1.040772,-3.9283981
628,-2.6672192,-0.9353716,-3.8635826
629,-2.4895642,-1.0787234,-3.8066568
630,-2.1769338,-1.0460526,-3.46757
631,-2.6535447,-0.82230824,-3.6621287
632,-2.665999,-1.0433571,-3.9843705
633,-2.097182,-0.9367234,-3.271384
634,-2.914901,-0.97221035,-4.1033707
635,-2.266916,-1.2629684,-3.7571948
636,-2.356489,-1.1153729,-3.691591
637,-2.2645547,-1.089482,-3.5558617
638,-2.6724138,-1.0091492,-3.9016182
639,-2.277131,-0.96221876,-3.5118742
640,-2.6061177,-0.95774966,-3.828598
641,-2.3266,-0.9828186,-3.5683472
642,-2.559355,-1.1196808,-3.8925123
643,-2.1722376,-1.0291603,-3.3969023
644,-2.450946,-0.96687967,-3.653971
645,-2.3298614,-1.2614595,-3.804427
646,-2.6337812,-1.2455252,-4.0923395
647,-2.408529,-1.2144824,-3.8458223
648,-2.3864305,-1.1637216,-3.771516
649,-2.085294,-1.304797,-3.6091087
650,-2.3167932,-1.1713682,-3.7187548
651,-2.5705874,-1.0409805,-3.8271754
652,-2.3535712,-1.032365,-3.59602
653,-2.1179554,-0.88683647,-3.2394488
654,-2.3429813,-0.95679086,-3.550773
655,-2.176479,-1.202621,-3.6266406
656,-2.3718865,-1.0094801,-3.6228583
657,-2.2807977,-1.126946,-3.665489
658,-2.0078428,-1.3470951,-3.5839033
659,-2.028748,-1.0453916,-3.306637
660,-2.4037867,-1.087446,-3.7502797
661,-2.577009,-1.0304703,-3.8413475
662,-2.6003153,-1.234033,-4.042868
663,-2.7667665,-0.93284297,-3.9055994
664,-2.5522904,-1.0325828,-3.831566
665,-2.3673112,-1.0686679,-3.67043
666,-2.5925148,-0.8485237,-3.6853876
667,-2.671891,-1.1429826,-4.029562
668,-2.2856524,-1.3782259,-3.900154
669,-2.435876,-1.0998862,-3.7907562
670,-2.3629634,-1.080495,-3.6679933
671,-2.3667173,-0.8532097,-3.5001736
672,-2.2258554,-1.1257602,-3.5941496
673,-2.549945,-0.9994104,-3.786049
674,-1.9481863,-1.1200072,-3.303562
675,-2.4035292,-1.0482025,-3.700806
676,-2.3001764,-1.2408171,-3.8059223
677,-2.1955473,-0.925673,-3.348973
678,-1.8018562,-1.1317494,-3.1460497
679,-2.358806,-1.0831528,-3.6874418
680,-2.509299,-0.9620448,-3.7036207
681,-2.0994418,-0.9741605,-3.3095398
682,-2.324231,-1.0922745,-3.6756732
683,-2.4668558,-1.2600566,-3.9774578
684,-2.100373,-1.0850207,-3.399957
685,-2.0387464,-1.1789232,-3.4584854
686,-1.800088,-1.1036882,-3.1260507
687,-2.193675,-1.0891706,-3.5048597
688,-2.2474394,-1.0464071,-3.6005785
689,-2.4559402,-0.9074066,-3.59531
690,-1.9691072,-1.1877251,-3.4165823
691,-2.3575919,-0.9009101,-3.490385
692,-2.069125,-0.95005274,-3.2517292
693,-2.039252,-1.1089984,-3.4098084
694,-1.8125416,-1.2534804,-3.3218336
695,-2.4385984,-1.1899251,-3.8676379
696,-2.6121523,-0.9500285,-3.8179862
697,-2.3240254,-0.8951977,-3.490468
698,-2.2748315,-1.1168083,-3.5988352
699,-2.6603663,-0.9777527,-3.8966215
700,-2.250889,-1.0273372,-3.5135906
701,-2.3781478,-1.1855226,-3.7688773
702,-2.3569224,-1.1116182,-3.7184522
703,-2.1665773,-0.8231692,-3.264184
704,-1.860684,-1.0466505,-3.1613853
705,-2.0689814,-1.159274,-3.5014942
706,-2.0073733,-1.0145115,-3.314161
707,-1.7433568,-1.2258358,-3.2135699
708,-2.4712367,-0.9263713,-3.5822792
709,-2.232128,-1.0726143,-3.5353708
710,-1.8288422,-1.2413503,-3.3283231
711,-2.1282442,-1.1514865,-3.5333402
712,-2.01176,-1.0073875,-3.2699862
713,-1.5635084,-1.1237171,-2.9013107
714,-1.886262,-1.1325048,-3.2617347
715,-1.7578516,-1.1226832,-3.1682138
716,-1.8089466,-1.3098211,-3.349123
717,-2.0527036,-1.09417,-3.3810723
718,-1.9224738,-1.2380456,-3.4266064
719,-2.705199,-1.086656,-4.053355
720,-1.7269856,-1.2112398,-3.2216809
721,-2.4917674,-1.0392987,-3.7536757
722,-1.926803,-0.9609931,-3.1106064
723,-1.8334026,-1.1139771,-3.1694748
724,-1.8665056,-1.182335,-3.3039505
725,-2.419917,-1.1948717,-3.8430254
726,-2.2287757,-1.1690015,-3.6366577
727,-2.3929234,-1.0535383,-3.713567
728,-2.3895614,-1.058163,-3.6925862
729,-2.5930395,-1.1905147,-4.003061
730,-2.3374872,-1.0208877,-3.655422
731,-2.3348536,-1.186894,-3.7465236
732,-2.2975123,-1.1245129,-3.6725464
733,-2.1544375,-1.2957276,-3.6673
734,-2.095098,-1.2777818,-3.6244774
735,-2.1785347,-1.160342,-3.5640643
736,-1.7276465,-1.1469408,-3.0804813
737,-1.9983324,-1.0394064,-3.3036735
738,-2.2912729,-0.98295665,-3.5778015
739,-2.845976,-0.8969915,-3.9910505
740,-2.2342572,-1.1651841,-3.6400478
741,-2.1172209,-0.9974038,-3.3551252
742,-2.507595,-0.9562404,-3.695572
743,-1.9311899,-1.1504511,-3.3209827
744,-2.0820708,-1.0534323,-3.357932
745,-1.8667669,-1.3490261,-3.4566267
746,-2.0180788,-0.95501566,-3.2179825
747,-2.414366,-1.0925585,-3.7312765
748,-1.7003965,-1.0803055,-3.0619943
749,-1.8770566,-1.312015,-3.4377282
750,-2.1570609,-1.0080613,-3.4072754
751,-2.1140702,-0.94864756,-3.2877529
752,-1.5795189,-1.1949612,-2.996892
753,-1.8789606,-0.83214235,-2.9666278
754,-1.7581786,-1.0699319,-3.0493982
755,-2.125987,-1.0309912,-3.384805
756,-1.843504,-0.8447309,-2.9240391
757,-1.8035628,-1.1857666,-3.2318134
758,-1.8785257,-1.1673181,-3.248759
759,-2.3890603,-0.9312677,-3.5867033
760,-2.2459202,-1.0616324,-3.5614789
761,-2.401428,-1.2245246,-3.8829901
762,-2.4354644,-1.0242093,-3.7410457
763,-2.255406,-0.98865813,-3.489935
764,-1.9092336,-1.0629449,-3.2470515
765,-2.5283012,-0.899749,-3.7145808
766,-1.9307388,-1.1336586,-3.28837
767,-2.441825,-1.264805,-3.925556
768,-2.1988106,-0.9915859,-3.4565477
769,-2.434143,-1.1212983,-3.8021152
770,-2.120575,-0.9038145,-3.2661765
771,-2.0101378,-1.0301405,-3.289079
772,-2.2488358,-1.1430712,-3.608256
773,-1.9911551,-1.2148359,-3.4310353
774,-2.161212,-1.1642066,-3.5738494
775,-2.241062,-1.1681696,-3.6737626
776,-2.647316,-0.9276671,-3.8366814
777,-2.2295501,-0.98196334,-3.4814577
778,-1.8281447,-1.1575297,-3.1868687
779,-1.8144888,-1.2424654,-3.3247328
780,-1.7828078,-1.3381208,-3.371991
781,-1.9862286,-1.0577265,-3.278741
782,-2.3142424,-1.0136694,-3.581269
783,-2.1706958,-1.0616622,-3.4349127
784,-2.1095552,-1.0524032,-3.4249585
785,-2.2349322,-1.235664,-3.7190702
786,-1.9462813,-1.1695806,-3.3618987
787,-2.55881,-1.0422562,-3.834977
788,-2.382788,-0.928147,-3.5883665
789,-2.4160078,-1.198671,-3.882871
790,-2.2881,-0.9836646,-3.5456183
791,-2.3937213,-1.0141319,-3.6638744
792,-2.2553291,-1.1798326,-3.6939523
793,-2.3444483,-1.2285643,-3.7806036
794,-2.246239,-1.1256787,-3.6300077
795,-2.1335192,-1.1665381,-3.5178509
796,-1.9914255,-1.092395,-3.3706217
797,-1.9208627,-1.1042541,-3.266896
798,-2.2916605,-1.071472,-3.5752704
799,-2.193137,-0.9913166,-3.4983132
800,-2.1053658,-0.9655954,-3.3818789
801,-2.185619,-1.2297655,-3.6262405
802,-2.2464406,-1.0385199,-3.53455
803,-2.151619,-1.1169329,-3.5177448
804,-2.2698913,-1.1030332,-3.5986745
805,-1.9356961,-1.0784762,-3.2808826
806,-2.0279748,-1.2647871,-3.5484715
807,-2.2275183,-1.0108033,-3.4852035
808,-2.0298398,-1.135986,-3.4262002
809,-2.0880497,-1.2030116,-3.5122986
810,-1.7396256,-1.1961322,-3.1798744
811,-2.1333025,-1.1492872,-3.5369427
812,-2.1968315,-1.0196294,-3.4438927
813,-1.7530872,-1.0853561,-3.0538652
814,-1.7283487,-1.1390933,-3.1193106
815,-1.8099288,-1.2383372,-3.3252764
816,-1.8077197,-1.2079197,-3.2874734
817,-1.9872445,-0.95484525,-3.195965
818,-2.257798,-1.0960411,-3.5586634
819,-1.95754,-1.0967122,-3.3008468
820,-2.085908,-1.225698,-3.5579536
821,-1.6926503,-1.2015108,-3.206913
822,-2.1937106,-1.0877217,-3.4847403
823,-2.299153,-1.1489058,-3.7369869
824,-2.3734367,-0.98206455,-3.6151593
825,-1.7785287,-1.0641075,-3.1601877
826,-2.2299404,-1.2199619,-3.6794345
827,-2.0625305,-1.0348123,-3.3837929
828,-1.9597378,-1.2173778,-3.44616
829,-1.9709973,-0.8521398,-3.0905259
830,-2.2461624,-1.022143,-3.5026329
831,-1.9262867,-1.1702257,-3.3701618
832,-1.8963934,-1.1964347,-3.369829
833,-2.2232015,-1.0385995,-3.4769838
834,-1.5357466,-1.2244385,-3.0164325
835,-1.6613232,-1.1881638,-3.1117973
836,-1.956318,-1.1707526,-3.327588
837,-1.8807184,-0.9474723,-3.0856159
838,-1.51743,-0.8970964,-2.7067554
839,-1.9345508,-0.94588643,-3.1129353
840,-2.0688636,-1.0671328,-3.3550847
841,-1.7631093,-1.2798451,-3.309593
842,-2.4328063,-1.1735343,-3.8407583
843,-2.1824718,-1.1417823,-3.6025307
844,-1.6115294,-1.0024397,-2.8737202
845,-2.252922,-1.2556542,-3.7473984
846,-1.9573026,-1.2634081,-3.447283
847,-1.717041,-1.0854896,-3.0163257
848,-2.2918642,-1.0105942,-3.5469005
849,-1.8513261,-0.9754622,-3.0787764
850,-2.2293968,-1.0157259,-3.5597508
851,-2.2020426,-1.2033795,-3.662876
852,-2.0638266,-1.1496342,-3.4623306
853,-2.124347,-1.2783484,-3.6317332
854,-1.7694181,-1.1322112,-3.11425
855,-2.0257418,-1.2422293,-3.516146
856,-2.0299976,-1.1719702,-3.4489908
857,-1.5431523,-1.4218717,-3.25667
858,-1.3641311,-1.2544619,-2.879391
859,-1.8413019,-1.2225705,-3.3142006
860,-1.5902022,-1.2093302,-3.0329857
861,-1.6868426,-1.0110518,-2.9629154
862,-1.7433047,-1.1259941,-3.1645424
863,-1.7047151,-1.1540143,-3.0778167
864,-1.4461282,-1.0603608,-2.7576523
865,-1.582493,-1.32986,-3.1538782
866,-1.8417174,-1.1498345,-3.2421694
867,-2.0522268,-1.1620915,-3.47634
868,-1.9957899,-1.187524,-3.459013
869,-1.8009526,-1.3353105,-3.3922384
870,-1.9084591,-1.2161698,-3.3593166
871,-2.2435772,-0.8792065,-3.4237154
872,-1.4026669,-1.3235984,-2.9958427
873,-1.9649434,-1.0689718,-3.305853
874,-1.9574457,-1.0207967,-3.2136185
875,-1.4742237,-1.1703598,-2.9094937
876,-1.6025101,-1.0095433,-2.87304
877,-2.178138,-1.101179,-3.51678
878,-2.0812864,-0.98611736,-3.2976685
879,-1.8988466,-1.1065553,-3.2465432
880,-2.144499,-1.1583551,-3.547945
881,-2.159672,-0.9851553,-3.4134896
882,-2.241058,-1.0985826,-3.6177711
883,-1.7429355,-1.2545174,-3.303215
884,-1.9272423,-1.2798445,-3.5011091
885,-1.8994347,-1.1489602,-3.3314466
886,-1.9669366,-0.9478514,-3.162056
887,-1.6998225,-1.134949,-3.0899286
888,-2.1629765,-1.1223229,-3.5557404
889,-1.973684,-0.9980362,-3.260949
890,-2.063155,-0.9295214,-3.2550867
891,-1.8956355,-1.1457688,-3.2995608
892,-2.1149247,-1.0739603,-3.4322054
893,-1.6709517,-1.1193508,-3.0401726
894,-1.9087563,-1.1618224,-3.2933588
895,-2.287031,-1.0858663,-3.6301305
896,-1.7973496,-1.2082301,-3.2485933
897,-2.0588381,-1.135363,-3.4474552
898,-1.5472373,-0.96203995,-2.7515209
899,-1.5874394,-1.2349178,-3.0270262
900,-1.9006869,-0.8921451,-3.0658257
901,-1.6561922,-1.105976,-2.9947937
902,-1.4368135,-1.3049483,-2.9616826
903,-1.8290762,-1.1767033,-3.2992814
904,-1.8831357,-1.2725903,-3.431598
905,-1.7919687,-0.9559946,-3.026489
906,-1.6094035,-1.1426202,-2.9817626
907,-2.1795287,-1.2433165,-3.6589615
908,-1.9435478,-0.9628083,-3.1577094
909,-1.7271076,-1.4440002,-3.4322712
910,-2.004356,-1.1028284,-3.3807871
911,-1.6896253,-1.0401493,-2.9714031
912,-1.9379743,-1.0098354,-3.212347
913,-1.855569,-1.2729377,-3.3597052
914,-2.309437,-1.0339245,-3.5843275
915,-2.0255172,-1.3625345,-3.629362
916,-2.05381,-1.1971098,-3.4887044
917,-2.100276,-0.9975853,-3.3217402
918,-2.1154473,-0.91486263,-3.2827294
919,-1.8335447,-1.0012071,-3.0726788
920,-2.0342667,-1.1484885,-3.4037008
921,-1.499115,-1.207343,-2.9799678
922,-1.5516068,-1.2368203,-3.0290203
923,-2.0506113,-0.956793,-3.2545252
924,-2.1585376,-1.1912185,-3.573906
925,-1.8179241,-1.2004734,-3.2844775
926,-1.809672,-1.0009309,-3.091163
927,-1.9131278,-1.1190819,-3.2735999
928,-2.0438452,-1.0095675,-3.3406537
929,-1.8859502,-1.3387843,-3.4418766
930,-1.861564,-1.3625501,-3.507953
931,-2.00096,-1.2640123,-3.5019295
932,-2.1706913,-1.2592453,-3.678049
933,-1.8208904,-0.9983737,-3.064521
934,-2.1219566,-1.0378891,-3.4157302
935,-1.9320053,-1.0606726,-3.2634642
936,-1.8817228,-1.3292093,-3.457554
937,-2.298192,-0.99446756,-3.5256002
938,-2.0687876,-1.0587736,-3.3548634
939,-2.2788587,-0.9907847,-3.512227
940,-2.0537922,-1.2991828,-3.5938673
941,-1.4317603,-1.3299369,-2.9869168
942,-2.0696409,-1.084045,-3.4018185
943,-2.0506017,-0.9774491,-3.3056746
944,-1.9765569,-1.3649688,-3.5890448
945,-2.292381,-1.0686713,-3.6187027
946,-1.7301308,-1.3222187,-3.3084557
947,-1.6808053,-1.0477351,-3.0165699
948,-1.704101,-1.162013,-3.1536763
949,-1.6237437,-0.9965455,-2.8963144
950,-1.7621737,-1.3680376,-3.360439
951,-1.7084571,-1.2147126,-3.1646376
952,-1.9207147,-1.2334155,-3.4525492
953,-1.8359636,-1.0457379,-3.154678
954,-1.8681973,-1.0815067,-3.2014635
955,-1.9320477,-0.96355563,-3.1926918
956,-2.0642688,-1.2304797,-3.5502758
957,-1.8201846,-1.1600543,-3.2407331
958,-1.7711186,-1.0610164,-3.106372
959,-1.9100333,-1.3904303,-3.525911
960,-1.9017824,-1.2957903,-3.4704688
961,-1.8757343,-1.0004274,-3.1619089
962,-1.9423307,-1.1964725,-3.3978853
963,-1.7689639,-1.2973126,-3.26264
964,-1.7702745,-1.1887373,-3.201329
965,-1.4312018,-1.2313758,-2.8867533
966,-1.8071632,-1.096078,-3.1744487
967,-1.508706,-1.1860865,-2.9818938
968,-1.5267957,-1.1171999,-2.9103868
969,-1.5262626,-1.2247831,-2.977578
970,-1.7953953,-1.0514241,-3.1033456
971,-1.7253684,-1.4079386,-3.403682
972,-1.908743,-1.0007553,-3.1651032
973,-1.8298787,-1.327093,-3.4253786
974,-2.06995,-1.1523002,-3.5213737
975,-1.8800722,-1.1585294,-3.2941048
976,-2.0099514,-1.017599,-3.28388
977,-1.6753131,-1.4244686,-3.3201056
978,-2.0712042,-1.4290485,-3.7242525
979,-1.6968683,-1.089176,-3.0425937
980,-2.076379,-1.204645,-3.5012023
981,-2.1855114,-1.0914305,-3.5534155
982,-2.2746937,-1.1478658,-3.667409
983,-1.9196453,-1.2984775,-3.4723597
984,-2.139596,-1.1921221,-3.611067
985,-2.0809727,-1.1892505,-3.4931204
986,-1.7621943,-1.1855649,-3.1923037
987,-1.7005135,-1.1071787,-3.0959122
988,-1.53678,-1.1758895,-3.0209186
989,-1.8632971,-1.3447586,-3.4876869
990,-2.037346,-1.0435932,-3.346135
991,-1.8585153,-1.1457192,-3.2639163
992,-2.0020118,-1.1669084,-3.4380553
993,-1.7785615,-1.2075315,-3.2693665
994,-1.9754575,-0.97472686,-3.1911774
995,-1.859858,-1.3571258,-3.443508
996,-2.0747004,-1.0231112,-3.3760881
997,-1.7809118,-1.2969651,-3.379975
998,-1.658803,-1.2711533,-3.1787417
999,-1.8120314,-0.9701287,-3.0792744
